cluster,age,anaemia,creatinine_phosphokinase,diabetes,ejection_fraction,high_blood_pressure,platelets,serum_creatinine,serum_sodium,sex,smoking,time,DEATH_EVENT
0,61.16842105263158,0.3473684210526316,588.6736842105263,0.30526315789473685,36.915789473684214,0.3157894736842105,267497.07652631577,1.3437894736842104,136.70526315789473,0.968421052631579,1.0,128.55789473684212,0.30526315789473685
1,59.675925925925924,0.0,747.7777777777778,0.4722222222222222,38.574074074074076,0.3611111111111111,272476.57824074075,1.3924074074074073,136.46296296296296,0.5277777777777778,0.0,146.5462962962963,0.2962962962962963
2,61.8055625,1.0,388.3958333333333,0.46875,38.6875,0.375,249003.72947916668,1.4451041666666666,136.72916666666666,0.46875,0.010416666666666666,113.625,0.3645833333333333
